{"cameraMode":{"drawMode":12,"name":"UV Charts","section":"Global Illumination"},"sceneLighting":false,"audioPlay":false,"sceneViewState":{"showFog":true,"showMaterialUpdate":false,"showSkybox":true,"showFlares":true,"showImageEffects":true,"showParticleSystems":true},"in2DMode":false,"pivot":{"x":0.00057220458984375,"y":0.1371002197265625,"z":0.0164794921875},"rotation":{"x":-0.0808979868888855,"y":-0.017940718680620195,"z":0.001455661142244935,"w":-0.9965598583221436},"size":16.156879425048829,"orthographic":true}