{"cameraMode":{"drawMode":0,"name":"Shaded","section":"Shading Mode"},"sceneLighting":false,"audioPlay":false,"sceneViewState":{"showFog":true,"showMaterialUpdate":false,"showSkybox":true,"showFlares":true,"showImageEffects":true,"showParticleSystems":true},"in2DMode":false,"pivot":{"x":5.114424705505371,"y":-8.407405853271485,"z":6.574349880218506},"rotation":{"x":0.5673752427101135,"y":-0.0012386544840410352,"z":0.0008532741339877248,"w":0.8234580159187317},"size":21.824054718017579,"orthographic":false}