{"cameraMode":{"drawMode":0,"name":"Shaded","section":"Shading Mode"},"sceneLighting":false,"audioPlay":false,"sceneViewState":{"showFog":true,"showMaterialUpdate":false,"showSkybox":true,"showFlares":true,"showImageEffects":true,"showParticleSystems":true},"in2DMode":false,"pivot":{"x":4.601409912109375,"y":-0.3489644527435303,"z":2.815690040588379},"rotation":{"x":0.6145467758178711,"y":-0.002370239235460758,"z":0.0018460812279954553,"w":0.7888746857643127},"size":14.536272048950196,"orthographic":false}