{"cameraMode":{"drawMode":0,"name":"Shaded","section":"Shading Mode"},"sceneLighting":false,"audioPlay":false,"sceneViewState":{"showFog":true,"showMaterialUpdate":false,"showSkybox":true,"showFlares":true,"showImageEffects":true,"showParticleSystems":true},"in2DMode":false,"pivot":{"x":5.138588905334473,"y":1.7918999195098878,"z":-1.0307738780975342},"rotation":{"x":-0.1047552078962326,"y":-0.03132205083966255,"z":0.0033009620383381845,"w":-0.993999183177948},"size":9.246125221252442,"orthographic":true}