{"cameraMode":{"drawMode":0,"name":"Shaded","section":"Shading Mode"},"sceneLighting":false,"audioPlay":false,"sceneViewState":{"showFog":true,"showMaterialUpdate":false,"showSkybox":true,"showFlares":true,"showImageEffects":true,"showParticleSystems":true},"in2DMode":false,"pivot":{"x":1.1111394166946412,"y":1.815793514251709,"z":5.939699172973633},"rotation":{"x":-0.48569828271865847,"y":0.020186442881822587,"z":-0.011220213025808335,"w":-0.8738213777542114},"size":10.009795188903809,"orthographic":false}