{"cameraMode":{"drawMode":0,"name":"Shaded","section":"Shading Mode"},"sceneLighting":false,"audioPlay":false,"sceneViewState":{"showFog":true,"showMaterialUpdate":false,"showSkybox":true,"showFlares":true,"showImageEffects":true,"showParticleSystems":true},"in2DMode":false,"pivot":{"x":4.3178205490112309,"y":-8.711901664733887,"z":5.7731733322143559},"rotation":{"x":0.5673752427101135,"y":-0.0012386544840410352,"z":0.0008532741339877248,"w":0.8234580159187317},"size":20.341114044189454,"orthographic":false}