{"cameraMode":{"drawMode":0,"name":"Shaded","section":"Shading Mode"},"sceneLighting":true,"audioPlay":false,"sceneViewState":{"showFog":true,"showMaterialUpdate":false,"showSkybox":true,"showFlares":true,"showImageEffects":true,"showParticleSystems":true},"in2DMode":false,"pivot":{"x":4.102734565734863,"y":2.1288909912109377,"z":2.8960189819335939},"rotation":{"x":0.008423348888754845,"y":-0.24584707617759705,"z":-0.0021363880950957538,"w":-0.9692696928977966},"size":8.914976119995118,"orthographic":false}