{"cameraMode":{"drawMode":0,"name":"Shaded","section":"Shading Mode"},"sceneLighting":false,"audioPlay":false,"sceneViewState":{"showFog":true,"showMaterialUpdate":false,"showSkybox":true,"showFlares":true,"showImageEffects":true,"showParticleSystems":true},"in2DMode":false,"pivot":{"x":1.4566584825515748,"y":-0.8220210075378418,"z":9.1419095993042},"rotation":{"x":0.00019875538419000804,"y":0.7506103515625,"z":-0.6607451438903809,"w":0.00022604250989388674},"size":7.9028849601745609,"orthographic":false}