{"cameraMode":{"drawMode":0,"name":"Shaded","section":"Shading Mode"},"sceneLighting":false,"audioPlay":false,"sceneViewState":{"showFog":true,"showMaterialUpdate":false,"showSkybox":true,"showFlares":true,"showImageEffects":true,"showParticleSystems":true},"in2DMode":false,"pivot":{"x":-3.3062753677368166,"y":-0.23855996131896974,"z":2.9868130683898927},"rotation":{"x":-0.1659870445728302,"y":0.024253390729427339,"z":-0.00408365111798048,"w":-0.9858218431472778},"size":6.0073957443237309,"orthographic":false}