{"cameraMode":{"drawMode":0,"name":"Shaded","section":"Shading Mode"},"sceneLighting":false,"audioPlay":false,"sceneViewState":{"showFog":true,"showMaterialUpdate":true,"showSkybox":false,"showFlares":true,"showImageEffects":true,"showParticleSystems":true},"in2DMode":false,"pivot":{"x":-2.0929625034332277,"y":-1.1024976968765259,"z":7.044803619384766},"rotation":{"x":-0.10988639295101166,"y":0.004171268083155155,"z":-0.0004612269694916904,"w":-0.9939353466033936},"size":10.239681243896485,"orthographic":false}