{"cameraMode":{"drawMode":0,"name":"Shaded","section":"Shading Mode"},"sceneLighting":false,"audioPlay":false,"sceneViewState":{"showFog":true,"showMaterialUpdate":false,"showSkybox":true,"showFlares":true,"showImageEffects":true,"showParticleSystems":true},"in2DMode":false,"pivot":{"x":15.875622749328614,"y":-7.631156921386719,"z":-23.65514373779297},"rotation":{"x":-0.44125160574913027,"y":-0.08672453463077545,"z":0.04289321228861809,"w":-0.892157256603241},"size":180.35684204101563,"orthographic":false}