{"cameraMode":{"drawMode":0,"name":"Shaded","section":"Shading Mode"},"sceneLighting":false,"audioPlay":false,"sceneViewState":{"showFog":true,"showMaterialUpdate":false,"showSkybox":true,"showFlares":true,"showImageEffects":true,"showParticleSystems":true},"in2DMode":false,"pivot":{"x":-8.917530059814454,"y":-27.938068389892579,"z":97.56954956054688},"rotation":{"x":-0.18941651284694673,"y":0.13091973960399629,"z":-0.02552192471921444,"w":-0.9728052616119385},"size":199.02012634277345,"orthographic":false}