{"cameraMode":{"drawMode":0,"name":"Shaded","section":"Shading Mode"},"sceneLighting":false,"audioPlay":false,"sceneViewState":{"showFog":true,"showMaterialUpdate":false,"showSkybox":false,"showFlares":true,"showImageEffects":true,"showParticleSystems":true},"in2DMode":false,"pivot":{"x":-79.27006530761719,"y":-24.438289642333986,"z":9.336116790771485},"rotation":{"x":0.31422534584999087,"y":0.15768644213676454,"z":-0.05300729349255562,"w":0.934699296951294},"size":157.21478271484376,"orthographic":true}