{"cameraMode":{"drawMode":0,"name":"Shaded","section":"Shading Mode"},"sceneLighting":false,"audioPlay":false,"sceneViewState":{"showFog":true,"showMaterialUpdate":false,"showSkybox":true,"showFlares":true,"showImageEffects":true,"showParticleSystems":true},"in2DMode":false,"pivot":{"x":20.78054428100586,"y":37.3835563659668,"z":79.87664031982422},"rotation":{"x":-0.057057566940784457,"y":-0.08764676749706269,"z":0.005029572173953056,"w":-0.9945109486579895},"size":197.522216796875,"orthographic":false}