{"cameraMode":{"drawMode":0,"name":"Shaded","section":"Shading Mode"},"sceneLighting":false,"audioPlay":false,"sceneViewState":{"showFog":true,"showMaterialUpdate":false,"showSkybox":true,"showFlares":true,"showImageEffects":true,"showParticleSystems":true},"in2DMode":false,"pivot":{"x":54.650577545166019,"y":144.60760498046876,"z":178.06781005859376},"rotation":{"x":0.17856304347515107,"y":-0.18127627670764924,"z":-0.03349146619439125,"w":-0.9665110111236572},"size":321.4691162109375,"orthographic":false}