{"cameraMode":{"drawMode":0,"name":"Shaded","section":"Shading Mode"},"sceneLighting":false,"audioPlay":false,"sceneViewState":{"showFog":true,"showMaterialUpdate":false,"showSkybox":false,"showFlares":true,"showImageEffects":true,"showParticleSystems":true},"in2DMode":false,"pivot":{"x":-0.8611869812011719,"y":49.05345153808594,"z":0.065643310546875},"rotation":{"x":-0.13743329048156739,"y":0.07893689721822739,"z":-0.01099849957972765,"w":-0.987337052822113},"size":162.7330322265625,"orthographic":true}