{"cameraMode":{"drawMode":2,"name":"Shaded Wireframe","section":"Shading Mode"},"sceneLighting":false,"audioPlay":false,"sceneViewState":{"showFog":true,"showMaterialUpdate":false,"showSkybox":false,"showFlares":true,"showImageEffects":true,"showParticleSystems":true},"in2DMode":false,"pivot":{"x":-8.307740211486817,"y":-9.707620620727539,"z":18.5709171295166},"rotation":{"x":0.202586829662323,"y":-0.004406967666000128,"z":0.0009120526956394315,"w":0.9792589545249939},"size":73.04154968261719,"orthographic":false}