{"cameraMode":{"drawMode":0,"name":"Shaded","section":"Shading Mode"},"sceneLighting":false,"audioPlay":false,"sceneViewState":{"showFog":true,"showMaterialUpdate":false,"showSkybox":true,"showFlares":true,"showImageEffects":true,"showParticleSystems":true},"in2DMode":false,"pivot":{"x":107.55097961425781,"y":4.995993614196777,"z":41.60761260986328},"rotation":{"x":-0.18055325746536256,"y":-0.49093669652938845,"z":0.10479983687400818,"w":-0.8458202481269836},"size":270.78759765625,"orthographic":false}