{"cameraMode":{"drawMode":0,"name":"Shaded","section":"Shading Mode"},"sceneLighting":false,"audioPlay":false,"sceneViewState":{"showFog":true,"showMaterialUpdate":false,"showSkybox":true,"showFlares":true,"showImageEffects":true,"showParticleSystems":true},"in2DMode":false,"pivot":{"x":-3.6283721923828127,"y":-15.329054832458496,"z":154.9794921875},"rotation":{"x":-0.19091501832008363,"y":0.176202192902565,"z":-0.034857191145420077,"w":-0.9650364518165588},"size":398.5872802734375,"orthographic":false}