{"cameraMode":{"drawMode":0,"name":"Shaded","section":"Shading Mode"},"sceneLighting":false,"audioPlay":false,"sceneViewState":{"showFog":true,"showMaterialUpdate":false,"showSkybox":true,"showFlares":true,"showImageEffects":true,"showParticleSystems":true},"in2DMode":false,"pivot":{"x":17.654582977294923,"y":7.42852783203125,"z":-11.098138809204102},"rotation":{"x":0.052040502429008487,"y":0.06944606453180313,"z":0.003627934493124485,"w":-0.9962230324745178},"size":72.26078033447266,"orthographic":false}