{"cameraMode":{"drawMode":0,"name":"Shaded","section":"Shading Mode"},"sceneLighting":false,"audioPlay":false,"sceneViewState":{"showFog":true,"showMaterialUpdate":false,"showSkybox":true,"showFlares":true,"showImageEffects":true,"showParticleSystems":true},"in2DMode":false,"pivot":{"x":92.90155029296875,"y":292.7456359863281,"z":53.539276123046878},"rotation":{"x":0.03268338739871979,"y":-0.008398620411753655,"z":-0.0002743581135291606,"w":-0.9994312524795532},"size":268.6005554199219,"orthographic":false}