{"cameraMode":{"drawMode":0,"name":"Shaded","section":"Shading Mode"},"sceneLighting":false,"audioPlay":false,"sceneViewState":{"showFog":true,"showMaterialUpdate":false,"showSkybox":true,"showFlares":true,"showImageEffects":true,"showParticleSystems":true},"in2DMode":false,"pivot":{"x":-6.264420509338379,"y":19.622638702392579,"z":-1.815207839012146},"rotation":{"x":-0.5080579519271851,"y":0.03486059233546257,"z":-0.020585935562849046,"w":-0.860370934009552},"size":1.2067968845367432,"orthographic":false}